"run_label","records","n.max","n.start","events","rmean","se(rmean)","median","0.95LCL","0.95UCL","run_id"
"run_id=0",33946,33946,33946,2484,5307.52794236729,28.5498521815274,1031.97799721826,976.236680569127,1086.48097518552,0
"run_id=1",33190,33190,33190,2400,5133.66488009512,27.759695898078,817.151475208811,775.690885722637,869.281711087096,1
"run_id=2",33913,33913,33913,2563,5228.57715807156,28.4040941387513,883.545823697932,827.732123535126,939.286838535219,2
"run_id=3",32946,32946,32946,2543,5158.10425209892,26.3235417729768,909.082593578845,849.739633984864,952.831848488189,3
"run_id=4",34090,34090,34090,2491,5166.29994307214,26.6344162062308,929.187855184078,854.260151127819,1009.13363379706,4
"run_id=5",34079,34079,34079,2582,5207.60596565196,27.9863105549279,890.235853748396,843.182298705913,941.492552950978,5
"run_id=6",34402,34402,34402,2412,5203.11275528938,28.2347788396725,871.479207031429,827.724107583519,940.178697939962,6
"run_id=7",32449,32449,32449,2428,5128.49364529049,28.3753556114799,776.774164934643,730.121754536405,841.663236379623,7
"run_id=8",32804,32804,32804,2466,5154.04282601849,27.5836878512721,860.918082844466,814.11671782285,941.118875619024,8
"run_id=9",32399,32399,32399,2544,5242.70644900274,28.2557417463086,940.620308643207,887.485620280262,996.515041528968,9
"run_id=10",33551,33551,33551,2494,5218.90071489709,27.4169588079082,922.136244912632,870.840248323977,994.26696077548,10
"run_id=11",32967,32967,32967,2429,5126.44600645154,27.2495466593364,833.669861308299,786.30769411847,907.898903883994,11
"run_id=12",32743,32743,32743,2514,5049.13182918063,25.6609043243074,804.088672627695,759.439858973026,852.455674499273,12
"run_id=13",33815,33815,33815,2553,5140.22010695568,26.7870015762298,831.831667517312,790.297034822637,896.093505746685,13
"run_id=14",34997,34997,34997,2578,5257.01870303999,27.3492579833634,943.208431942388,880.9282855317,1003.18184356485,14
"run_id=15",33260,33260,33260,2588,5211.65855240983,26.6452874139572,953.033061794937,896.285773302428,1018.85816519739,15
"run_id=16",32754,32754,32754,2422,5148.16684361185,27.4360378333381,855.085424456047,802.367411204614,903.744926445186,16
"run_id=17",32725,32725,32725,2490,5211.82056370329,28.7189079322291,876.618115156889,819.499590083957,951.480651111808,17
"run_id=18",33019,33019,33019,2391,5060.94240362746,26.3962439907806,802.671577855945,761.627995345742,855.106218665838,18
"run_id=19",34279,34279,34279,2477,5139.64881898929,27.7131286306946,810.008120886981,761.743883352727,859.26684717508,19
"run_id=20",34028,34028,34028,2646,5219.91441168666,27.3984149868005,893.742211908102,835.475372964691,958.323480337858,20
"run_id=21",33298,33298,33298,2492,5284.83734855524,28.5292788154726,951.413539260859,886.789383129217,1013.09555804543,21
"run_id=22",33361,33361,33361,2606,5203.90450005046,27.5315303514162,879.878606328508,816.124804776162,942.054098073393,22
"run_id=23",32148,32148,32148,2448,5139.9571396257,27.8591110691482,819.055023293942,776.492389500141,871.258427921217,23
"run_id=24",31547,31547,31547,2348,5142.50135564443,28.8618860564994,838.334816859802,792.058072121348,911.634219653439,24
"run_id=25",30907,30907,30907,0,9732.24088370986,0,NA,NA,NA,25
"run_id=26",31494,31494,31494,0,9732.24088370986,0,NA,NA,NA,26
"run_id=27",30570,30570,30570,0,9732.24088370986,0,NA,NA,NA,27
"run_id=28",31310,31310,31310,0,9732.24088370986,0,NA,NA,NA,28
"run_id=29",31421,31421,31421,0,9732.24088370986,0,NA,NA,NA,29
"run_id=30",32139,32139,32139,0,9732.24088370986,0,NA,NA,NA,30
"run_id=31",32021,32021,32021,0,9732.24088370986,0,NA,NA,NA,31
"run_id=32",30912,30912,30912,0,9732.24088370986,0,NA,NA,NA,32
"run_id=33",31420,31420,31420,0,9732.24088370986,0,NA,NA,NA,33
"run_id=34",29353,29353,29353,0,9732.24088370986,0,NA,NA,NA,34
"run_id=35",31186,31186,31186,0,9732.24088370986,0,NA,NA,NA,35
"run_id=36",30207,30207,30207,0,9732.24088370986,0,NA,NA,NA,36
"run_id=37",30970,30970,30970,0,9732.24088370986,0,NA,NA,NA,37
"run_id=38",29923,29923,29923,0,9732.24088370986,0,NA,NA,NA,38
"run_id=39",30084,30084,30084,0,9732.24088370986,0,NA,NA,NA,39
"run_id=40",29893,29893,29893,0,9732.24088370986,0,NA,NA,NA,40
"run_id=41",31316,31316,31316,0,9732.24088370986,0,NA,NA,NA,41
"run_id=42",30708,30708,30708,0,9732.24088370986,0,NA,NA,NA,42
"run_id=43",30537,30537,30537,0,9732.24088370986,0,NA,NA,NA,43
"run_id=44",30166,30166,30166,0,9732.24088370986,0,NA,NA,NA,44
"run_id=45",30646,30646,30646,0,9732.24088370986,0,NA,NA,NA,45
"run_id=46",31507,31507,31507,0,9732.24088370986,0,NA,NA,NA,46
"run_id=47",31526,31526,31526,0,9732.24088370986,0,NA,NA,NA,47
"run_id=48",31378,31378,31378,0,9732.24088370986,0,NA,NA,NA,48
"run_id=49",30650,30650,30650,0,9732.24088370986,0,NA,NA,NA,49
"run_id=50",29942,29942,29942,0,9732.24088370986,0,NA,NA,NA,50
"run_id=51",30689,30689,30689,0,9732.24088370986,0,NA,NA,NA,51
"run_id=52",31458,31458,31458,0,9732.24088370986,0,NA,NA,NA,52
"run_id=53",32184,32184,32184,0,9732.24088370986,0,NA,NA,NA,53
"run_id=54",30405,30405,30405,0,9732.24088370986,0,NA,NA,NA,54
"run_id=55",31369,31369,31369,0,9732.24088370986,0,NA,NA,NA,55
"run_id=56",31404,31404,31404,0,9732.24088370986,0,NA,NA,NA,56
"run_id=57",29809,29809,29809,0,9732.24088370986,0,NA,NA,NA,57
"run_id=58",30279,30279,30279,0,9732.24088370986,0,NA,NA,NA,58
"run_id=59",31428,31428,31428,0,9732.24088370986,0,NA,NA,NA,59
"run_id=60",30861,30861,30861,0,9732.24088370986,0,NA,NA,NA,60
"run_id=61",31348,31348,31348,0,9732.24088370986,0,NA,NA,NA,61
"run_id=62",30674,30674,30674,0,9732.24088370986,0,NA,NA,NA,62
"run_id=63",30501,30501,30501,0,9732.24088370986,0,NA,NA,NA,63
"run_id=64",31463,31463,31463,0,9732.24088370986,0,NA,NA,NA,64
"run_id=65",30013,30013,30013,0,9732.24088370986,0,NA,NA,NA,65
"run_id=66",30563,30563,30563,0,9732.24088370986,0,NA,NA,NA,66
"run_id=67",30889,30889,30889,0,9732.24088370986,0,NA,NA,NA,67
"run_id=68",31658,31658,31658,0,9732.24088370986,0,NA,NA,NA,68
"run_id=69",30305,30305,30305,0,9732.24088370986,0,NA,NA,NA,69
"run_id=70",29940,29940,29940,0,9732.24088370986,0,NA,NA,NA,70
"run_id=71",31473,31473,31473,0,9732.24088370986,0,NA,NA,NA,71
"run_id=72",29486,29486,29486,0,9732.24088370986,0,NA,NA,NA,72
"run_id=73",31112,31112,31112,0,9732.24088370986,0,NA,NA,NA,73
"run_id=74",30404,30404,30404,0,9732.24088370986,0,NA,NA,NA,74
"run_id=75",31114,31114,31114,0,9732.24088370986,0,NA,NA,NA,75
"run_id=76",30225,30225,30225,0,9732.24088370986,0,NA,NA,NA,76
"run_id=77",30108,30108,30108,0,9732.24088370986,0,NA,NA,NA,77
"run_id=78",29892,29892,29892,0,9732.24088370986,0,NA,NA,NA,78
"run_id=79",29917,29917,29917,0,9732.24088370986,0,NA,NA,NA,79
"run_id=80",31420,31420,31420,0,9732.24088370986,0,NA,NA,NA,80
"run_id=81",30021,30021,30021,0,9732.24088370986,0,NA,NA,NA,81
"run_id=82",31591,31591,31591,0,9732.24088370986,0,NA,NA,NA,82
"run_id=83",31179,31179,31179,0,9732.24088370986,0,NA,NA,NA,83
"run_id=84",31242,31242,31242,0,9732.24088370986,0,NA,NA,NA,84
"run_id=85",30540,30540,30540,0,9732.24088370986,0,NA,NA,NA,85
"run_id=86",30262,30262,30262,0,9732.24088370986,0,NA,NA,NA,86
"run_id=87",32341,32341,32341,0,9732.24088370986,0,NA,NA,NA,87
"run_id=88",31163,31163,31163,0,9732.24088370986,0,NA,NA,NA,88
"run_id=89",31349,31349,31349,0,9732.24088370986,0,NA,NA,NA,89
"run_id=90",31538,31538,31538,0,9732.24088370986,0,NA,NA,NA,90
"run_id=91",30567,30567,30567,0,9732.24088370986,0,NA,NA,NA,91
"run_id=92",32069,32069,32069,0,9732.24088370986,0,NA,NA,NA,92
"run_id=93",30149,30149,30149,0,9732.24088370986,0,NA,NA,NA,93
"run_id=94",30386,30386,30386,0,9732.24088370986,0,NA,NA,NA,94
"run_id=95",31763,31763,31763,0,9732.24088370986,0,NA,NA,NA,95
"run_id=96",30341,30341,30341,0,9732.24088370986,0,NA,NA,NA,96
"run_id=97",30808,30808,30808,0,9732.24088370986,0,NA,NA,NA,97
"run_id=98",30802,30802,30802,0,9732.24088370986,0,NA,NA,NA,98
"run_id=99",31300,31300,31300,0,9732.24088370986,0,NA,NA,NA,99
