"time","surv","lower","upper"
15.8892076332122,0.996666666666667,0.990165646122979,1
23.1548482999206,0.993333333333333,0.984167375155062,1
23.3002217262983,0.99,0.978804646394767,1
44.9999197535217,0.986666666666667,0.97377263459765,0.999731432700769
49.6110250465572,0.983333333333333,0.96895306019448,0.997927024710947
52.7869559824467,0.98,0.964285161139335,0.995970941692451
54.5575541555882,0.976666666666667,0.959732783575585,0.993899337505182
77.7255155475577,0.973333333333333,0.955272333936932,0.991735805718754
77.7329885652289,0.97,0.950887398563668,0.989496759996237
118.362032579258,0.966666666666667,0.946566008467233,0.987194169329599
130.464800205082,0.963333333333333,0.942299114406435,0.984837082963488
149.654300901573,0.96,0.938079675587116,0.982432541695563
152.219450812787,0.956666666666667,0.9339020846557,0.979986152882956
157.539063578239,0.953333333333333,0.929761788655888,0.977502469485563
160.25644274801,0.95,0.925655029993311,0.974985249101409
164.602518830448,0.946666666666667,0.921578663979415,0.97243763642275
165.418583095074,0.943333333333333,0.917530026965093,0.96986229510245
165.808189829811,0.94,0.913506838899389,0.967261505195275
166.31860223785,0.936666666666667,0.909507129921406,0.964637236565985
175.337575775222,0.933333333333333,0.905529184110277,0.961991205139365
180.6374125937,0.93,0.901571495728941,0.959324916656453
192.487238679081,0.926666666666667,0.897632734726269,0.95663970117241
193.234506361187,0.923333333333333,0.893711719208385,0.953936740585203
200.608606785536,0.92,0.889807393230595,0.951217090843674
216.155411016196,0.916666666666667,0.885918808703484,0.948481700041451
222.099114477634,0.913333333333333,0.882045110517472,0.945731423292385
224.177372332662,0.91,0.878185524211944,0.942967035061425
226.654562572017,0.906666666666667,0.874339345675829,0.94018923946404
228.185677077156,0.903333333333333,0.870505932484551,0.937398678929271
239.788274869323,0.9,0.866684696566031,0.934595941533724
248.344864994287,0.896666666666667,0.862875097954451,0.931781567247816
253.298952186015,0.893333333333333,0.859076639440617,0.928956053285405
256.043558295816,0.89,0.855288861966287,0.926119858709469
256.583401628304,0.886666666666667,0.85151134063963,0.923273408416646
257.984774366021,0.883333333333333,0.847743681272265,0.920417096600194
263.358317103237,0.88,0.843985517356687,0.917551289772573
269.97221862711,0.876666666666667,0.840236507417401,0.914676329414307
272.462474887492,0.873333333333333,0.836496332680724,0.911792534304182
282.320521336515,0.87,0.832764695017555,0.908900202576485
295.78744552657,0.866666666666667,0.829041315120955,0.905999613543417
297.455505395308,0.863333333333333,0.825325930886544,0.903091029314703
312.44494054094,0.86,0.821618295968757,0.900174696241337
322.208607539069,0.856666666666667,0.817918178490124,0.897250846206298
328.439319912344,0.853333333333333,0.814225359884191,0.894319697781642
330.716168686748,0.85,0.810539633855501,0.891381457268509
331.344861442223,0.846666666666667,0.806860805442487,0.888436319634243
331.832560975105,0.843333333333334,0.803188690171054,0.885484469358807
333.175546783023,0.84,0.799523113288343,0.88252608120102
335.112001813948,0.836666666666667,0.795863909067572,0.879561320893718
340.116349294782,0.833333333333334,0.792210920176049,0.876590345775747
346.06782826595,0.83,0.788563997099457,0.873613305367673
350.27687882632,0.826666666666667,0.784922997616414,0.870630341897231
364.946517944336,0.823333333333334,0.781287786318029,0.867641590779768
387.269909526221,0.82,0.777658234167821,0.864647181058325
396.677991979755,0.816666666666667,0.774034218097942,0.861647235807415
398.473620250821,0.813333333333334,0.770415620638095,0.858641872504112
400.94135671854,0.81,0.766802329573968,0.855631203369618
402.678618781269,0.806666666666667,0.763194237632361,0.852615335684133
404.681903051212,0.803333333333334,0.759591242190505,0.849594372077546
411.229619015008,0.8,0.755993245007326,0.846568410798166
412.733656407741,0.796666666666667,0.752400151974677,0.8435375459615
416.275727752596,0.793333333333334,0.748811872886739,0.840501867780847
436.959151912481,0.79,0.745228321226008,0.837461462781321
452.198473890778,0.786666666666667,0.741649413964421,0.834416413998721
452.351253779605,0.783333333333334,0.738075071378351,0.831366801164544
453.465158153791,0.780000000000001,0.734505216876282,0.828312700878308
457.362584140152,0.776666666666667,0.730939776838151,0.825254186768219
462.322017941304,0.773333333333334,0.727378680465377,0.822191329641139
493.232118365355,0.770000000000001,0.723821859640746,0.819124197622706
507.337461411953,0.766666666666667,0.720269248797358,0.816052856288393
531.244398428069,0.763333333333334,0.716720784795946,0.812977368786187
533.569797806442,0.760000000000001,0.713176406809908,0.809897795951565
545.496878430247,0.756666666666667,0.709636056217489,0.806814196415313
553.694769628346,0.753333333333334,0.706099676500566,0.803726626704745
583.194854248315,0.750000000000001,0.702567213149553,0.800635141338803
611.395844636019,0.746666666666667,0.69903861357399,0.797539792917465
611.721042301506,0.743333333333334,0.695513827018402,0.794440632205901
652.307530999184,0.740000000000001,0.691992804483062,0.791337708213706
695.35242551798,0.736666666666667,0.688475498649306,0.788231068269587
715.389776129276,0.733333333333334,0.684961863809107,0.785120758091801
728.188559452072,0.730000000000001,0.681451855798594,0.782006821854635
735.664022689336,0.726666666666667,0.677945431935276,0.778889302251186
740.136813392397,0.723333333333334,0.674442550958708,0.775768240552701
742.531652501144,0.720000000000001,0.670943172974386,0.772643676664688
743.578750563553,0.716666666666668,0.667447259400654,0.769515649180009
753.235109445639,0.713333333333334,0.663954772918442,0.766384195429152
766.069531525485,0.710000000000001,0.660465677423643,0.763249351527856
774.311284598894,0.706666666666668,0.656979937981981,0.760111152422246
774.92720565584,0.703333333333334,0.653497520786201,0.756969631931654
794.777492333902,0.700000000000001,0.650018393115458,0.753824822789232
796.431112110615,0.696666666666668,0.646542523296754,0.750676756680519
812.107599342242,0.693333333333334,0.643069880668319,0.747525464280067
819.638891590293,0.690000000000001,0.639600435544813,0.744370975286247
824.131371544034,0.686666666666668,0.636134159184244,0.741213318454336
826.623640611768,0.683333333333334,0.632671023756507,0.73805252162798
828.16978687665,0.680000000000001,0.629211002313459,0.734888611769131
830.861867334694,0.676666666666668,0.625754068760423,0.731721614986547
843.550285709091,0.673333333333334,0.622300197829071,0.728551556562915
844.156843054108,0.670000000000001,0.618849365051588,0.725378460980695
859.225230063312,0.666666666666668,0.615401546736064,0.722202351946738
865.784547589719,0.663333333333334,0.611956719943033,0.719023252415748
883.850234450307,0.660000000000001,0.608514862463115,0.715841184612652
896.347205773927,0.656666666666668,0.6050759527957,0.712656170053924
917.003195486264,0.653333333333334,0.601639970128603,0.709468229567935
941.879195209593,0.650000000000001,0.598206894318677,0.706277383314354
954.693011997268,0.646666666666668,0.594776705873294,0.703083650802666
969.604739885777,0.643333333333335,0.591349385932688,0.699887050909849
987.819730149582,0.640000000000001,0.587924916253095,0.696687601897236
1007.35842614667,0.636666666666668,0.58450327919066,0.693485321426616
1065.70996753877,0.633333333333335,0.581084457686081,0.690280226575609
1089.06724239851,0.630000000000001,0.577668435249937,0.687072333852337
1090.29396769172,0.626666666666668,0.574255195948692,0.683861659209436
1101.71467453614,0.623333333333334,0.570844724391329,0.680648218057435
1137.84994999878,0.620000000000001,0.567437005716589,0.677432025277521
1140.65300371532,0.616666666666668,0.56403202558079,0.674213095233738
1154.81626432156,0.613333333333335,0.560629770146204,0.670991441784616
1160.15226185415,0.610000000000001,0.557230226069961,0.667767078294285
1164.50068667345,0.606666666666668,0.553833380493464,0.664540017643067
1165.41650892794,0.603333333333335,0.550439221032294,0.661310272237588
1169.26557504036,0.600000000000001,0.54704773576658,0.658077854020422
1182.41972825862,0.596666666666668,0.543658913231819,0.654842774479276
1220.96877902001,0.593333333333335,0.540272742410135,0.65160504465576
1252.79261278093,0.590000000000001,0.536889212721948,0.648364675153719
1323.17993248074,0.586666666666668,0.533508314018044,0.645121676147185
1326.22998839291,0.583333333333335,0.530130036572038,0.641876057387931
1374.59186925607,0.580000000000001,0.526754371073202,0.638627828212654
1388.95215078536,0.576666666666668,0.523381308619658,0.635376997549805
1400.7679895116,0.573333333333334,0.520010840711918,0.63212357392606
1416.4251705911,0.570000000000001,0.51664295924676,0.628867565472468
1453.75955305726,0.566666666666668,0.513277656511431,0.625608979930264
1478.85259952594,0.563333333333334,0.509914925178163,0.622347824656371
1482.75119426521,0.560000000000001,0.506554758299003,0.619084106628593
1541.98006408056,0.556666666666668,0.503197149300934,0.615817832450515
1555.60284033918,0.553333333333334,0.499842091981284,0.612549008356109
1584.65549541079,0.550000000000001,0.496489580503431,0.609277640214064
1595.50073602982,0.546666666666668,0.493139609392765,0.606003733531833
1634.52063021623,0.543333333333334,0.489792173532931,0.602727293459424
1654.52307340084,0.540000000000001,0.486447268162331,0.599448324792919
1667.61905165343,0.536666666666668,0.483104888870879,0.596166831977744
1679.19137723849,0.533333333333334,0.479765031597017,0.592882819111684
1724.63812643383,0.530000000000001,0.476427692624963,0.589596289947657
1731.5455786055,0.526666666666668,0.47309286858222,0.586307247896241
1743.76810232271,0.523333333333334,0.469760556437303,0.583015696027966
1756.16934558703,0.520000000000001,0.466430753497721,0.579721637075379
1878.13504512719,0.516666666666668,0.463103457408174,0.576425073434863
1885.723248804,0.513333333333335,0.459778666148991,0.573126007168244
1889.36410079291,0.510000000000001,0.456456378034783,0.569824440004168
1891.55000053253,0.506666666666668,0.453136591713335,0.566520373339247
1904.40789153427,0.503333333333335,0.449819306164704,0.563213808238996
1911.21638224204,0.500000000000001,0.446504520700553,0.559904745438542
1921.38968887622,0.496666666666668,0.443192234963695,0.556593185343119
1926.51334646856,0.493333333333335,0.439882448927862,0.553279128028341
1927.44659611024,0.490000000000001,0.436575162897692,0.549962573240262
1941.86131293699,0.486666666666668,0.43327037750893,0.546643520395216
1958.70447831415,0.483333333333334,0.42996809372886,0.543321968579437
1959.27066642081,0.480000000000001,0.426668312856945,0.53999791654847
1991.96229411894,0.476666666666668,0.423371036525695,0.53667136272635
2026.37688054889,0.473333333333334,0.420076266701757,0.533342305204572
2030.85338857921,0.470000000000001,0.416784005687224,0.530010741740833
2035.16379482113,0.466666666666668,0.413494256121179,0.526676669757551
2037.70960548741,0.463333333333334,0.410207020981461,0.523340086340163
2040.43140849564,0.460000000000001,0.40692230358666,0.520000988235184
2049.44009151601,0.456666666666668,0.403640107598359,0.516659371848045
2052.08888973203,0.453333333333334,0.400360437023597,0.513315233240689
2057.30975623569,0.450000000000001,0.397083296217591,0.509968568128931
2059.58399562293,0.446666666666668,0.393808689886688,0.506619371879574
2072.94332542433,0.443333333333334,0.390536623091584,0.503267639507279
2094.92917700991,0.440000000000001,0.387267101250784,0.499913365671179
2149.0440485357,0.436666666666668,0.384000130144338,0.496556544671239
2187.20758162672,0.433333333333334,0.380735715917832,0.493197170444349
2224.93770510098,0.430000000000001,0.377473865086666,0.489835236560148
2263.82150812607,0.426666666666667,0.374214584540602,0.486470736216572
2275.61969173554,0.423333333333334,0.370957881548607,0.483103662235114
2293.07173123944,0.420000000000001,0.367703763763996,0.479734007055799
2307.45143968984,0.416666666666667,0.364452239229874,0.476361762731847
2354.14851810597,0.413333333333334,0.361203316384899,0.47298692092404
2364.11316128576,0.410000000000001,0.357957004069364,0.469609472894757
2410.05246976274,0.406666666666667,0.354713311531625,0.466229409501689
2412.59069731375,0.403333333333334,0.351472248434863,0.462846721191208
2439.62633888909,0.400000000000001,0.348233824864217,0.459461397991386
2448.04155313528,0.396666666666667,0.344998051334276,0.456073429504651
2483.03109970223,0.393333333333334,0.341764938796972,0.452682804900063
2534.16497449117,0.390000000000001,0.338534498649858,0.449289512905199
2549.70667290885,0.386666666666667,0.335306742744809,0.445893541797636
2562.40922359965,0.383333333333334,0.332081683397153,0.442494879396003
2566.77851885534,0.380000000000001,0.328859333395249,0.439093513050606
2599.59419506148,0.376666666666667,0.325639706010534,0.435689429633586
2637.33706335281,0.373333333333334,0.322422815008054,0.432282615528609
2638.15268685715,0.370000000000001,0.319208674657504,0.428873056620056
2642.00191025296,0.366666666666667,0.315997299744798,0.425460738281698
2651.53171375114,0.363333333333334,0.312788705584191,0.422045645364836
2672.11917431187,0.360000000000001,0.309582908030976,0.418627762185867
2700.95252279518,0.356666666666667,0.306379923494786,0.415207072513276
2737.26804282732,0.353333333333334,0.303179768953533,0.411783559553999
2749.55565202516,0.350000000000001,0.299982461968003,0.408357205939148
2769.13163336727,0.346666666666667,0.296788020697144,0.404927993709062
2798.61880822643,0.343333333333334,0.293596463914089,0.401495904297646
2808.99223165307,0.340000000000001,0.290407811022932,0.39806091851597
2809.86879242305,0.336666666666667,0.287222082076315,0.39462301653509
2814.00795381609,0.333333333333334,0.284039297793855,0.391182177868049
2825.22825992992,0.330000000000001,0.28085947958145,0.387738381351016
2828.30225713388,0.326666666666667,0.277682649551532,0.384291605123524
2842.76850526052,0.323333333333334,0.274508830544288,0.380841826607754
2885.87162490282,0.320000000000001,0.27133804614992,0.377389022486814
2913.70106341178,0.316666666666667,0.268170320732006,0.373933168681965
2927.9956741631,0.313333333333334,0.265005679451997,0.370474240328732
2969.83063260664,0.310000000000001,0.26184414829494,0.367012211751832
2995.03948596271,0.306666666666667,0.258685754096483,0.363547056438866
3016.49358103855,0.303333333333334,0.255530524571244,0.360078747012699
3032.95253030676,0.3,0.252378488342607,0.356607255202449
3077.04045957886,0.296666666666667,0.249229674974051,0.353132551813001
3095.11814456386,0.293333333333334,0.246084115002087,0.34965460669298
3098.24266027147,0.29,0.242941839970911,0.346173388701058
3123.5860199423,0.286666666666667,0.239802882468866,0.342688865670525
3128.5872511575,0.283333333333334,0.236667276166843,0.339201004371997
3134.07611485371,0.28,0.233535055858719,0.335709770474158
3140.86256055161,0.276666666666667,0.230406257503987,0.332215128502403
3155.12248776061,0.273333333333334,0.227280918272701,0.328717041795254
3192.50552278175,0.27,0.224159076592898,0.32521547245841
3198.89298065298,0.266666666666667,0.22104077220065,0.321710381316258
3227.40621543175,0.263333333333334,0.21792604619294,0.318201727860703
3227.73046796388,0.26,0.21481494108353,0.314689470197114
3274.56894779671,0.256666666666667,0.211707500862053,0.31117356498721
3280.25359970451,0.253333333333334,0.208603771056536,0.307653967388655
3294.12977213769,0.25,0.205503798799598,0.304130630991151
3298.62357896683,0.246666666666667,0.2024076328986,0.300603507748771
3325.3493974423,0.243333333333334,0.199315323910023,0.297072547908263
3374.29569661664,0.24,0.196226924218384,0.293537699933044
3396.26516129094,0.236666666666667,0.193142488120042,0.289998910422543
3409.23227655701,0.233333333333334,0.190062071912254,0.286456124026575
3414.80684349337,0.23,0.186985733987889,0.282909283354347
3415.35434741154,0.226666666666667,0.183913534936244,0.279358328877691
3423.68637327524,0.223333333333334,0.180845537650446,0.275803198828085
3452.03665095335,0.22,0.177781807441969,0.272243829086949
3463.32140710042,0.216666666666667,0.174722412162842,0.268680153068699
3483.22656369582,0.213333333333334,0.171667422336204,0.265112101595953
3524.14587529609,0.21,0.168616911295893,0.261539602766251
3526.75954274868,0.206666666666667,0.165570955335844,0.257962581809569
3529.64315021457,0.203333333333334,0.162529633870166,0.25438096093585
3566.48730777064,0.2,0.159493029604824,0.250794659171678
3626.69436269754,0.196666666666667,0.156461228721987,0.247203592185152
3642.11931047076,0.193333333333334,0.153434321078189,0.243607672097891
3645.65485553397,0.19,0.15041240041759,0.240006807283014
3687.52109916648,0.186666666666667,0.147395564601783,0.236400902147791
3735.53974630815,0.183333333333334,0.144383915857722,0.232789856899519
3774.99212018051,0.18,0.14137756104556,0.229173567293037
3808.47199486062,0.176666666666667,0.138376611948397,0.225551924358072
3815.06446069432,0.173333333333334,0.135381185586148,0.22192481410444
3817.81668028072,0.17,0.132391404556057,0.218292117202845
3901.8398563278,0.166666666666667,0.129407397402673,0.214653708638794
3903.77485053753,0.163333333333334,0.126429299020454,0.211009457336798
3908.98581812903,0.16,0.123457251092623,0.207359225751705
3930.85324830748,0.156666666666667,0.120491402570317,0.203702869423574
3957.13090047333,0.153333333333334,0.117531910196691,0.200040236492072
3976.19366012991,0.15,0.114578939081229,0.1963711671658
3993.88023108221,0.146666666666667,0.111632663330284,0.192695493141349
3996.03782197367,0.143333333333334,0.108693266740751,0.189013036966181
4006.630186358,0.14,0.105760943564791,0.185323611338554
4045.38018481538,0.136666666666667,0.102835899354718,0.181627018336772
4057.17391989313,0.133333333333333,0.0999183518986069,0.177923048568875
4070.77507012279,0.13,0.097008532258843,0.174211480232549
4080.84024593304,0.126666666666667,0.0941066859278378,0.17049207807347
4084.49536349578,0.123333333333334,0.091213074117532,0.166764592228423
4100.76434775669,0.12,0.0883279752021629,0.163028756937331
4123.43199685123,0.116666666666667,0.0854516863372264,0.159284289105733
4124.07346406113,0.113333333333333,0.0825845252817412,0.155530886696085
4141.35574555898,0.11,0.0797268324560014,0.151768226922569
4165.27845779952,0.106666666666667,0.0768789732732166,0.147995964219538
4175.42420164583,0.103333333333333,0.0740413407910834,0.144213727948369
4192.62222040045,0.1,0.0712143587387807,0.140421119800864
4219.28437806037,0.0966666666666668,0.0683984849866571,0.136617710849405
4227.75867404143,0.0933333333333335,0.0655942155406285,0.132803038184298
4231.15175488463,0.0900000000000001,0.062802089161925,0.128976601066813
4293.60935904743,0.0866666666666668,0.0600226927365153,0.125137856511754
4295.16783777066,0.0833333333333334,0.057256667548898,0.121286214195295
4318.68010948878,0.0800000000000001,0.0545047166542309,0.117421030561457
4330.65677650092,0.0766666666666668,0.0517676135940326,0.113541601972847
4341.01452563459,0.0733333333333334,0.0490462127682821,0.109647156716972
4353.95928574004,0.0700000000000001,0.0463414618668211,0.105736845636893
4390.44605823746,0.0666666666666667,0.0436544168844036,0.101809731102658
4438.31830816809,0.0633333333333334,0.0409862604095552,0.0978647739762079
4460.02602676516,0.0600000000000001,0.0383383241069263,0.0939008181463419
4488.23652046063,0.0566666666666667,0.0357121166353548,0.0899165721230909
4490.9253423824,0.0533333333333334,0.0331093587046064,0.0859105870887408
4510.18065447221,0.05,0.0305320276440789,0.081881230724119
4521.23173198616,0.0466666666666667,0.027982414851846,0.0778266561091355
4555.47271803394,0.0433333333333334,0.0254632010033274,0.0737447651429373
4598.41059351926,0.04,0.0229775562518367,0.0696331664892393
4598.68489425536,0.0366666666666667,0.0205292764242115,0.0654891296051165
4608.40195151906,0.0333333333333334,0.018122972459495,0.0613095403413792
4613.7613777892,0.03,0.0157643410785885,0.05709087335229
4627.35015808139,0.0266666666666667,0.0134605639776568,0.0528292211449304
4631.41093821707,0.0233333333333334,0.0112209194021071,0.0485204843679929
4697.17601706143,0.02,0.00905776372122644,0.0441610106325272
4778.09325703065,0.0166666666666667,0.00698820146361377,0.0397495377350115
4812.94590687752,0.0133333333333333,0.00503714931639907,0.0352933309320414
4830.09760156157,0.01,0.00324356003744292,0.0308303218826298
4830.15538071343,0.01,0.00324356003744292,0.0308303218826298
